id,jlpt_level,set_type,display_order,kanji,unicode_codepoint,unicode_name,stroke_count,onyomi_romaji,onyomi_katakana,kunyomi_romaji,kunyomi_hiragana,meaning_en,meaning_id,example_word,example_reading,example_romaji,example_meaning_id,example_sentence_jp,example_sentence_id,mnemonic_id,radical_kanji,audio_path,stroke_order_path,source_url,secondary_source_url,notes
kanji_n5_001,N5,core_80_common_n5,1,日,U+65E5,CJK UNIFIED IDEOGRAPH-65E5,4,"nichi, jitsu","ニチ, ジツ","hi, -bi, -ka","ひ, -び, -か","day, sun, Japan, counter for days",hari; matahari; Jepang; penghitung hari,日本,にほん,nihon,Jepang,私は日本に行きます。,Saya pergi ke Jepang.,Kotak matahari; satu hari dimulai dari matahari.,日,/assets/audio/kanji/n5/001_日.mp3,/assets/stroke-order/kanji/65e5.svg,https://jlptsensei.com/jlpt-n5-kanji-list/,https://www.kanshudo.com/collections/jlpt_kanji | https://kanjikana.com/en/kanji/jlpt/n5,Core 80 N5 study list; JLPT does not publish an official exact kanji list after the 2010 revision.
kanji_n5_002,N5,core_80_common_n5,2,一,U+4E00,CJK UNIFIED IDEOGRAPH-4E00,1,"ichi, itsu","イチ, イツ","hito(tsu), hito-","ひと(つ), ひと-",one,satu,一つ,ひとつ,hitotsu,satu buah,りんごが一つあります。,Ada satu apel.,"Satu garis. Ya udah, sesederhana itu wkwk.",一,/assets/audio/kanji/n5/002_一.mp3,/assets/stroke-order/kanji/4e00.svg,https://jlptsensei.com/jlpt-n5-kanji-list/,https://www.kanshudo.com/collections/jlpt_kanji | https://kanjikana.com/en/kanji/jlpt/n5,Core 80 N5 study list; JLPT does not publish an official exact kanji list after the 2010 revision.
kanji_n5_003,N5,core_80_common_n5,3,国,U+56FD,CJK UNIFIED IDEOGRAPH-56FD,8,koku,コク,kuni,くに,country,negara,国,くに,kuni,negara,日本は島国です。,Jepang adalah negara kepulauan.,Negara itu wilayah yang dipagari kotak besar.,囗,/assets/audio/kanji/n5/003_国.mp3,/assets/stroke-order/kanji/56fd.svg,https://jlptsensei.com/jlpt-n5-kanji-list/,https://www.kanshudo.com/collections/jlpt_kanji | https://kanjikana.com/en/kanji/jlpt/n5,Core 80 N5 study list; JLPT does not publish an official exact kanji list after the 2010 revision.
kanji_n5_004,N5,core_80_common_n5,4,人,U+4EBA,CJK UNIFIED IDEOGRAPH-4EBA,2,"jin, nin","ジン, ニン",hito,ひと,person,orang,人,ひと,hito,orang,あの人は先生です。,Orang itu adalah guru.,Dua garis seperti orang sedang berdiri.,人,/assets/audio/kanji/n5/004_人.mp3,/assets/stroke-order/kanji/4eba.svg,https://jlptsensei.com/jlpt-n5-kanji-list/,https://www.kanshudo.com/collections/jlpt_kanji | https://kanjikana.com/en/kanji/jlpt/n5,Core 80 N5 study list; JLPT does not publish an official exact kanji list after the 2010 revision.
kanji_n5_005,N5,core_80_common_n5,5,年,U+5E74,CJK UNIFIED IDEOGRAPH-5E74,6,nen,ネン,toshi,とし,"year, counter for years",tahun; penghitung tahun,今年,ことし,kotoshi,tahun ini,今年は忙しいです。,Tahun ini sibuk.,Tahun terasa seperti panen yang dihitung siklusnya.,干,/assets/audio/kanji/n5/005_年.mp3,/assets/stroke-order/kanji/5e74.svg,https://jlptsensei.com/jlpt-n5-kanji-list/,https://www.kanshudo.com/collections/jlpt_kanji | https://kanjikana.com/en/kanji/jlpt/n5,Core 80 N5 study list; JLPT does not publish an official exact kanji list after the 2010 revision.
kanji_n5_006,N5,core_80_common_n5,6,大,U+5927,CJK UNIFIED IDEOGRAPH-5927,3,"dai, tai","ダイ, タイ",oo(kii),おお(きい),"large, big",besar,大きい,おおきい,ookii,besar,大きい犬がいます。,Ada anjing besar.,"Orang merentangkan tangan, jadi kelihatan besar.",大,/assets/audio/kanji/n5/006_大.mp3,/assets/stroke-order/kanji/5927.svg,https://jlptsensei.com/jlpt-n5-kanji-list/,https://www.kanshudo.com/collections/jlpt_kanji | https://kanjikana.com/en/kanji/jlpt/n5,Core 80 N5 study list; JLPT does not publish an official exact kanji list after the 2010 revision.
kanji_n5_007,N5,core_80_common_n5,7,十,U+5341,CJK UNIFIED IDEOGRAPH-5341,2,"juu, ji","ジュウ, ジ","tou, to","とお, と",ten,sepuluh,十円,じゅうえん,juuen,sepuluh yen,これは十円です。,Ini sepuluh yen.,Tanda plus sederhana buat angka sepuluh.,十,/assets/audio/kanji/n5/007_十.mp3,/assets/stroke-order/kanji/5341.svg,https://jlptsensei.com/jlpt-n5-kanji-list/,https://www.kanshudo.com/collections/jlpt_kanji | https://kanjikana.com/en/kanji/jlpt/n5,Core 80 N5 study list; JLPT does not publish an official exact kanji list after the 2010 revision.
kanji_n5_008,N5,core_80_common_n5,8,二,U+4E8C,CJK UNIFIED IDEOGRAPH-4E8C,2,"ni, ji","ニ, ジ","futa(tsu), futa-","ふた(つ), ふた-",two,dua,二つ,ふたつ,futatsu,dua buah,机が二つあります。,Ada dua meja.,Dua garis = dua. Kanji mode tutorial bayi.,二,/assets/audio/kanji/n5/008_二.mp3,/assets/stroke-order/kanji/4e8c.svg,https://jlptsensei.com/jlpt-n5-kanji-list/,https://www.kanshudo.com/collections/jlpt_kanji | https://kanjikana.com/en/kanji/jlpt/n5,Core 80 N5 study list; JLPT does not publish an official exact kanji list after the 2010 revision.
kanji_n5_009,N5,core_80_common_n5,9,本,U+672C,CJK UNIFIED IDEOGRAPH-672C,5,hon,ホン,moto,もと,"book, present, true, counter for long objects",buku; asal; utama; penghitung benda panjang,本,ほん,hon,buku,この本を読みます。,Saya membaca buku ini.,Pohon dengan akar: sumber/asal; dari situ jadi buku.,木,/assets/audio/kanji/n5/009_本.mp3,/assets/stroke-order/kanji/672c.svg,https://jlptsensei.com/jlpt-n5-kanji-list/,https://www.kanshudo.com/collections/jlpt_kanji | https://kanjikana.com/en/kanji/jlpt/n5,Core 80 N5 study list; JLPT does not publish an official exact kanji list after the 2010 revision.
kanji_n5_010,N5,core_80_common_n5,10,中,U+4E2D,CJK UNIFIED IDEOGRAPH-4E2D,4,chuu,チュウ,"naka, uchi, ata(ru)","なか, うち, あた(る)","inside, middle, center",dalam; tengah; pusat,中,なか,naka,dalam,箱の中に猫がいます。,Ada kucing di dalam kotak.,Garis menembus tengah kotak: pas di tengah.,丨,/assets/audio/kanji/n5/010_中.mp3,/assets/stroke-order/kanji/4e2d.svg,https://jlptsensei.com/jlpt-n5-kanji-list/,https://www.kanshudo.com/collections/jlpt_kanji | https://kanjikana.com/en/kanji/jlpt/n5,Core 80 N5 study list; JLPT does not publish an official exact kanji list after the 2010 revision.
kanji_n5_011,N5,core_80_common_n5,11,長,U+9577,CJK UNIFIED IDEOGRAPH-9577,8,chou,チョウ,"naga(i), osa","なが(い), おさ","long, leader, senior",panjang; pemimpin; senior,長い,ながい,nagai,panjang,長い道です。,Ini jalan yang panjang.,Bentuknya seperti rambut panjang yang menjuntai.,長,/assets/audio/kanji/n5/011_長.mp3,/assets/stroke-order/kanji/9577.svg,https://jlptsensei.com/jlpt-n5-kanji-list/,https://www.kanshudo.com/collections/jlpt_kanji | https://kanjikana.com/en/kanji/jlpt/n5,Core 80 N5 study list; JLPT does not publish an official exact kanji list after the 2010 revision.
kanji_n5_012,N5,core_80_common_n5,12,出,U+51FA,CJK UNIFIED IDEOGRAPH-51FA,5,"shutsu, sui","シュツ, スイ","de(ru), da(su), i(deru)","で(る), だ(す), い(でる)","exit, leave, go out",keluar; meninggalkan,出る,でる,deru,keluar,家を出ます。,Saya keluar dari rumah.,Seperti benda muncul keluar dari kotak/gunung.,凵,/assets/audio/kanji/n5/012_出.mp3,/assets/stroke-order/kanji/51fa.svg,https://jlptsensei.com/jlpt-n5-kanji-list/,https://www.kanshudo.com/collections/jlpt_kanji | https://kanjikana.com/en/kanji/jlpt/n5,Core 80 N5 study list; JLPT does not publish an official exact kanji list after the 2010 revision.
kanji_n5_013,N5,core_80_common_n5,13,三,U+4E09,CJK UNIFIED IDEOGRAPH-4E09,3,san,サン,"mi(tsu), mi-","み(つ), み-",three,tiga,三つ,みっつ,mittsu,tiga buah,りんごが三つあります。,Ada tiga apel.,Tiga garis. Kanji masih baik-baik saja di level ini.,一,/assets/audio/kanji/n5/013_三.mp3,/assets/stroke-order/kanji/4e09.svg,https://jlptsensei.com/jlpt-n5-kanji-list/,https://www.kanshudo.com/collections/jlpt_kanji | https://kanjikana.com/en/kanji/jlpt/n5,Core 80 N5 study list; JLPT does not publish an official exact kanji list after the 2010 revision.
kanji_n5_014,N5,core_80_common_n5,14,時,U+6642,CJK UNIFIED IDEOGRAPH-6642,10,ji,ジ,"toki, doki","とき, -どき","time, hour",waktu; jam,時間,じかん,jikan,waktu,時間があります。,Ada waktu.,Hari + kuil: waktu ditandai dari hari ke hari.,日,/assets/audio/kanji/n5/014_時.mp3,/assets/stroke-order/kanji/6642.svg,https://jlptsensei.com/jlpt-n5-kanji-list/,https://www.kanshudo.com/collections/jlpt_kanji | https://kanjikana.com/en/kanji/jlpt/n5,Core 80 N5 study list; JLPT does not publish an official exact kanji list after the 2010 revision.
kanji_n5_015,N5,core_80_common_n5,15,行,U+884C,CJK UNIFIED IDEOGRAPH-884C,6,"kou, gyou, an","コウ, ギョウ, アン","i(ku), yu(ku), okona(u)","い(く), ゆ(く), おこな(う)","go, journey, carry out, line",pergi; melakukan; baris,行く,いく,iku,pergi,学校へ行きます。,Saya pergi ke sekolah.,Dua langkah di jalan: pergi/berjalan.,行,/assets/audio/kanji/n5/015_行.mp3,/assets/stroke-order/kanji/884c.svg,https://jlptsensei.com/jlpt-n5-kanji-list/,https://www.kanshudo.com/collections/jlpt_kanji | https://kanjikana.com/en/kanji/jlpt/n5,Core 80 N5 study list; JLPT does not publish an official exact kanji list after the 2010 revision.
kanji_n5_016,N5,core_80_common_n5,16,見,U+898B,CJK UNIFIED IDEOGRAPH-898B,7,ken,ケン,"mi(ru), mi(seru)","み(る), み(せる)","see, look at, visible",melihat; tampak,見る,みる,miru,melihat,映画を見ます。,Saya menonton film.,Mata dengan kaki: mata yang pergi melihat.,見,/assets/audio/kanji/n5/016_見.mp3,/assets/stroke-order/kanji/898b.svg,https://jlptsensei.com/jlpt-n5-kanji-list/,https://www.kanshudo.com/collections/jlpt_kanji | https://kanjikana.com/en/kanji/jlpt/n5,Core 80 N5 study list; JLPT does not publish an official exact kanji list after the 2010 revision.
kanji_n5_017,N5,core_80_common_n5,17,月,U+6708,CJK UNIFIED IDEOGRAPH-6708,4,"getsu, gatsu","ゲツ, ガツ",tsuki,つき,"month, moon",bulan; bulan kalender,月曜日,げつようび,getsuyoubi,Senin,月曜日に学校へ行きます。,Saya pergi ke sekolah hari Senin.,Bulan sabit yang jadi penanda bulan kalender.,月,/assets/audio/kanji/n5/017_月.mp3,/assets/stroke-order/kanji/6708.svg,https://jlptsensei.com/jlpt-n5-kanji-list/,https://www.kanshudo.com/collections/jlpt_kanji | https://kanjikana.com/en/kanji/jlpt/n5,Core 80 N5 study list; JLPT does not publish an official exact kanji list after the 2010 revision.
kanji_n5_018,N5,core_80_common_n5,18,分,U+5206,CJK UNIFIED IDEOGRAPH-5206,4,"bun, fun, bu","ブン, フン, ブ","wa(keru), wa(karu)","わ(ける), わ(かる)","part, minute, understand",bagian; menit; mengerti,五分,ごふん,gofun,lima menit,五分待ってください。,Tolong tunggu lima menit.,Pisau membagi sesuatu jadi bagian-bagian.,刀,/assets/audio/kanji/n5/018_分.mp3,/assets/stroke-order/kanji/5206.svg,https://jlptsensei.com/jlpt-n5-kanji-list/,https://www.kanshudo.com/collections/jlpt_kanji | https://kanjikana.com/en/kanji/jlpt/n5,Core 80 N5 study list; JLPT does not publish an official exact kanji list after the 2010 revision.
kanji_n5_019,N5,core_80_common_n5,19,後,U+5F8C,CJK UNIFIED IDEOGRAPH-5F8C,9,"go, kou","ゴ, コウ","nochi, ushi(ro), ato","のち, うし(ろ), あと","behind, back, later",belakang; setelah; nanti,後で,あとで,atode,nanti,後で話します。,Saya akan bicara nanti.,Jejak langkah yang tertinggal di belakang.,彳,/assets/audio/kanji/n5/019_後.mp3,/assets/stroke-order/kanji/5f8c.svg,https://jlptsensei.com/jlpt-n5-kanji-list/,https://www.kanshudo.com/collections/jlpt_kanji | https://kanjikana.com/en/kanji/jlpt/n5,Core 80 N5 study list; JLPT does not publish an official exact kanji list after the 2010 revision.
kanji_n5_020,N5,core_80_common_n5,20,前,U+524D,CJK UNIFIED IDEOGRAPH-524D,9,zen,ゼン,mae,まえ,"in front, before",depan; sebelum,前,まえ,mae,depan,駅の前で会います。,Mari bertemu di depan stasiun.,Bagian yang ada di depan sebelum dipotong.,刀,/assets/audio/kanji/n5/020_前.mp3,/assets/stroke-order/kanji/524d.svg,https://jlptsensei.com/jlpt-n5-kanji-list/,https://www.kanshudo.com/collections/jlpt_kanji | https://kanjikana.com/en/kanji/jlpt/n5,Core 80 N5 study list; JLPT does not publish an official exact kanji list after the 2010 revision.
kanji_n5_021,N5,core_80_common_n5,21,生,U+751F,CJK UNIFIED IDEOGRAPH-751F,5,"sei, shou","セイ, ショウ","i(kiru), u(mu), ha(eru), nama","い(きる), う(む), は(える), なま","life, birth, genuine, raw",hidup; lahir; mentah,学生,がくせい,gakusei,pelajar/mahasiswa,私は学生です。,Saya adalah pelajar/mahasiswa.,Tunas keluar dari tanah: hidup/lahir.,生,/assets/audio/kanji/n5/021_生.mp3,/assets/stroke-order/kanji/751f.svg,https://jlptsensei.com/jlpt-n5-kanji-list/,https://www.kanshudo.com/collections/jlpt_kanji | https://kanjikana.com/en/kanji/jlpt/n5,Core 80 N5 study list; JLPT does not publish an official exact kanji list after the 2010 revision.
kanji_n5_022,N5,core_80_common_n5,22,五,U+4E94,CJK UNIFIED IDEOGRAPH-4E94,4,go,ゴ,"itsu(tsu), itsu-","いつ(つ), いつ-",five,lima,五つ,いつつ,itsutsu,lima buah,みかんが五つあります。,Ada lima jeruk.,Lima digambar sebagai garis yang saling mengikat.,二,/assets/audio/kanji/n5/022_五.mp3,/assets/stroke-order/kanji/4e94.svg,https://jlptsensei.com/jlpt-n5-kanji-list/,https://www.kanshudo.com/collections/jlpt_kanji | https://kanjikana.com/en/kanji/jlpt/n5,Core 80 N5 study list; JLPT does not publish an official exact kanji list after the 2010 revision.
kanji_n5_023,N5,core_80_common_n5,23,間,U+9593,CJK UNIFIED IDEOGRAPH-9593,12,"kan, ken","カン, ケン","aida, ma, ai","あいだ, ま, あい","interval, space, between",jarak; ruang; antara,時間,じかん,jikan,waktu,日本語を勉強する時間です。,Ini waktu untuk belajar bahasa Jepang.,Matahari terlihat di antara pintu: ruang/interval.,門,/assets/audio/kanji/n5/023_間.mp3,/assets/stroke-order/kanji/9593.svg,https://jlptsensei.com/jlpt-n5-kanji-list/,https://www.kanshudo.com/collections/jlpt_kanji | https://kanjikana.com/en/kanji/jlpt/n5,Core 80 N5 study list; JLPT does not publish an official exact kanji list after the 2010 revision.
kanji_n5_024,N5,core_80_common_n5,24,上,U+4E0A,CJK UNIFIED IDEOGRAPH-4E0A,3,"jou, shou","ジョウ, ショウ","ue, uwa-, kami, a(geru), nobo(ru)","うえ, うわ-, かみ, あ(げる), のぼ(る)","above, up",atas; naik,上,うえ,ue,atas,本は机の上にあります。,Buku ada di atas meja.,Tanda kecil berada di atas garis dasar.,一,/assets/audio/kanji/n5/024_上.mp3,/assets/stroke-order/kanji/4e0a.svg,https://jlptsensei.com/jlpt-n5-kanji-list/,https://www.kanshudo.com/collections/jlpt_kanji | https://kanjikana.com/en/kanji/jlpt/n5,Core 80 N5 study list; JLPT does not publish an official exact kanji list after the 2010 revision.
kanji_n5_025,N5,core_80_common_n5,25,東,U+6771,CJK UNIFIED IDEOGRAPH-6771,8,tou,トウ,higashi,ひがし,east,timur,東京,とうきょう,toukyou,Tokyo,東京に住んでいます。,Saya tinggal di Tokyo.,Matahari muncul dari balik pohon di timur.,木,/assets/audio/kanji/n5/025_東.mp3,/assets/stroke-order/kanji/6771.svg,https://jlptsensei.com/jlpt-n5-kanji-list/,https://www.kanshudo.com/collections/jlpt_kanji | https://kanjikana.com/en/kanji/jlpt/n5,Core 80 N5 study list; JLPT does not publish an official exact kanji list after the 2010 revision.
kanji_n5_026,N5,core_80_common_n5,26,四,U+56DB,CJK UNIFIED IDEOGRAPH-56DB,5,shi,シ,"yo(tsu), yon","よ(つ), よん",four,empat,四つ,よっつ,yottsu,empat buah,椅子が四つあります。,Ada empat kursi.,Empat sisi kotak; gampang dicicil ingatnya.,囗,/assets/audio/kanji/n5/026_四.mp3,/assets/stroke-order/kanji/56db.svg,https://jlptsensei.com/jlpt-n5-kanji-list/,https://www.kanshudo.com/collections/jlpt_kanji | https://kanjikana.com/en/kanji/jlpt/n5,Core 80 N5 study list; JLPT does not publish an official exact kanji list after the 2010 revision.
kanji_n5_027,N5,core_80_common_n5,27,今,U+4ECA,CJK UNIFIED IDEOGRAPH-4ECA,4,"kon, kin","コン, キン",ima,いま,"now, present",sekarang,今,いま,ima,sekarang,今、勉強しています。,Sekarang saya sedang belajar.,Atap menutup momen ini: sekarang.,人,/assets/audio/kanji/n5/027_今.mp3,/assets/stroke-order/kanji/4eca.svg,https://jlptsensei.com/jlpt-n5-kanji-list/,https://www.kanshudo.com/collections/jlpt_kanji | https://kanjikana.com/en/kanji/jlpt/n5,Core 80 N5 study list; JLPT does not publish an official exact kanji list after the 2010 revision.
kanji_n5_028,N5,core_80_common_n5,28,金,U+91D1,CJK UNIFIED IDEOGRAPH-91D1,8,"kin, kon, gon","キン, コン, ゴン","kane, kana-, -gane","かね, かな-, -がね","gold, metal, money",emas; logam; uang,お金,おかね,okane,uang,お金がありません。,Saya tidak punya uang.,Logam/emas yang berkilau di bawah tanah.,金,/assets/audio/kanji/n5/028_金.mp3,/assets/stroke-order/kanji/91d1.svg,https://jlptsensei.com/jlpt-n5-kanji-list/,https://www.kanshudo.com/collections/jlpt_kanji | https://kanjikana.com/en/kanji/jlpt/n5,Core 80 N5 study list; JLPT does not publish an official exact kanji list after the 2010 revision.
kanji_n5_029,N5,core_80_common_n5,29,九,U+4E5D,CJK UNIFIED IDEOGRAPH-4E5D,2,"kyuu, ku","キュウ, ク","kokono(tsu), kokono-","ここの(つ), ここの-",nine,sembilan,九つ,ここのつ,kokonotsu,sembilan buah,九つ買いました。,Saya membeli sembilan buah.,"Garis berkait, hampir menutup hitungan sebelum sepuluh.",乙,/assets/audio/kanji/n5/029_九.mp3,/assets/stroke-order/kanji/4e5d.svg,https://jlptsensei.com/jlpt-n5-kanji-list/,https://www.kanshudo.com/collections/jlpt_kanji | https://kanjikana.com/en/kanji/jlpt/n5,Core 80 N5 study list; JLPT does not publish an official exact kanji list after the 2010 revision.
kanji_n5_030,N5,core_80_common_n5,30,入,U+5165,CJK UNIFIED IDEOGRAPH-5165,2,nyuu,ニュウ,"i(ru), hai(ru), i(reru)","い(る), はい(る), い(れる)","enter, insert",masuk; memasukkan,入る,はいる,hairu,masuk,部屋に入ります。,Saya masuk ke kamar.,Satu garis menyelinap masuk ke garis lain.,入,/assets/audio/kanji/n5/030_入.mp3,/assets/stroke-order/kanji/5165.svg,https://jlptsensei.com/jlpt-n5-kanji-list/,https://www.kanshudo.com/collections/jlpt_kanji | https://kanjikana.com/en/kanji/jlpt/n5,Core 80 N5 study list; JLPT does not publish an official exact kanji list after the 2010 revision.
kanji_n5_031,N5,core_80_common_n5,31,学,U+5B66,CJK UNIFIED IDEOGRAPH-5B66,8,gaku,ガク,mana(bu),まな(ぶ),"study, learning, science",belajar; ilmu,学校,がっこう,gakkou,sekolah,学校で日本語を勉強します。,Saya belajar bahasa Jepang di sekolah.,Anak di bawah atap: tempat belajar.,子,/assets/audio/kanji/n5/031_学.mp3,/assets/stroke-order/kanji/5b66.svg,https://jlptsensei.com/jlpt-n5-kanji-list/,https://www.kanshudo.com/collections/jlpt_kanji | https://kanjikana.com/en/kanji/jlpt/n5,Core 80 N5 study list; JLPT does not publish an official exact kanji list after the 2010 revision.
kanji_n5_032,N5,core_80_common_n5,32,高,U+9AD8,CJK UNIFIED IDEOGRAPH-9AD8,10,kou,コウ,taka(i),たか(い),"tall, high, expensive",tinggi; mahal,高い,たかい,takai,tinggi/mahal,この山は高いです。,Gunung ini tinggi.,Seperti menara tinggi bertingkat.,高,/assets/audio/kanji/n5/032_高.mp3,/assets/stroke-order/kanji/9ad8.svg,https://jlptsensei.com/jlpt-n5-kanji-list/,https://www.kanshudo.com/collections/jlpt_kanji | https://kanjikana.com/en/kanji/jlpt/n5,Core 80 N5 study list; JLPT does not publish an official exact kanji list after the 2010 revision.
kanji_n5_033,N5,core_80_common_n5,33,円,U+5186,CJK UNIFIED IDEOGRAPH-5186,4,en,エン,maru(i),まる(い),"circle, yen, round",lingkaran; yen; bulat,円,えん,en,yen,これは百円です。,Ini seratus yen.,Bentuk tertutup seperti lingkaran/koin yen.,冂,/assets/audio/kanji/n5/033_円.mp3,/assets/stroke-order/kanji/5186.svg,https://jlptsensei.com/jlpt-n5-kanji-list/,https://www.kanshudo.com/collections/jlpt_kanji | https://kanjikana.com/en/kanji/jlpt/n5,Core 80 N5 study list; JLPT does not publish an official exact kanji list after the 2010 revision.
kanji_n5_034,N5,core_80_common_n5,34,子,U+5B50,CJK UNIFIED IDEOGRAPH-5B50,3,"shi, su, tsu","シ, ス, ツ","ko, ne","こ, ね",child,anak,子ども,こども,kodomo,anak,子どもが遊んでいます。,Anak sedang bermain.,Bentuk anak kecil dengan tangan terbuka.,子,/assets/audio/kanji/n5/034_子.mp3,/assets/stroke-order/kanji/5b50.svg,https://jlptsensei.com/jlpt-n5-kanji-list/,https://www.kanshudo.com/collections/jlpt_kanji | https://kanjikana.com/en/kanji/jlpt/n5,Core 80 N5 study list; JLPT does not publish an official exact kanji list after the 2010 revision.
kanji_n5_035,N5,core_80_common_n5,35,外,U+5916,CJK UNIFIED IDEOGRAPH-5916,5,"gai, ge","ガイ, ゲ","soto, hoka, hazu(su), to-","そと, ほか, はず(す), と-","outside, other",luar; selain,外,そと,soto,luar,外は寒いです。,Di luar dingin.,Malam/sisi luar rumah: di luar.,夕,/assets/audio/kanji/n5/035_外.mp3,/assets/stroke-order/kanji/5916.svg,https://jlptsensei.com/jlpt-n5-kanji-list/,https://www.kanshudo.com/collections/jlpt_kanji | https://kanjikana.com/en/kanji/jlpt/n5,Core 80 N5 study list; JLPT does not publish an official exact kanji list after the 2010 revision.
kanji_n5_036,N5,core_80_common_n5,36,八,U+516B,CJK UNIFIED IDEOGRAPH-516B,2,hachi,ハチ,"ya(tsu), you","や(つ), よう",eight,delapan,八つ,やっつ,yattsu,delapan buah,八つあります。,Ada delapan buah.,Dua garis terbuka seperti sesuatu terbelah jadi delapan.,八,/assets/audio/kanji/n5/036_八.mp3,/assets/stroke-order/kanji/516b.svg,https://jlptsensei.com/jlpt-n5-kanji-list/,https://www.kanshudo.com/collections/jlpt_kanji | https://kanjikana.com/en/kanji/jlpt/n5,Core 80 N5 study list; JLPT does not publish an official exact kanji list after the 2010 revision.
kanji_n5_037,N5,core_80_common_n5,37,六,U+516D,CJK UNIFIED IDEOGRAPH-516D,4,roku,ロク,"mu(tsu), mui","む(つ), むい",six,enam,六つ,むっつ,muttsu,enam buah,六つください。,Tolong beri enam buah.,Atap dengan dua kaki; ingat sebagai simbol enam.,八,/assets/audio/kanji/n5/037_六.mp3,/assets/stroke-order/kanji/516d.svg,https://jlptsensei.com/jlpt-n5-kanji-list/,https://www.kanshudo.com/collections/jlpt_kanji | https://kanjikana.com/en/kanji/jlpt/n5,Core 80 N5 study list; JLPT does not publish an official exact kanji list after the 2010 revision.
kanji_n5_038,N5,core_80_common_n5,38,下,U+4E0B,CJK UNIFIED IDEOGRAPH-4E0B,3,"ka, ge","カ, ゲ","shita, shimo, moto, sa(geru), kuda(ru), o(rosu)","した, しも, もと, さ(げる), くだ(る), お(ろす)","below, down, low",bawah; turun; rendah,下,した,shita,bawah,猫は机の下にいます。,Kucing ada di bawah meja.,Tanda kecil berada di bawah garis dasar.,一,/assets/audio/kanji/n5/038_下.mp3,/assets/stroke-order/kanji/4e0b.svg,https://jlptsensei.com/jlpt-n5-kanji-list/,https://www.kanshudo.com/collections/jlpt_kanji | https://kanjikana.com/en/kanji/jlpt/n5,Core 80 N5 study list; JLPT does not publish an official exact kanji list after the 2010 revision.
kanji_n5_039,N5,core_80_common_n5,39,来,U+6765,CJK UNIFIED IDEOGRAPH-6765,7,"rai, tai","ライ, タイ","kuru, kitaru, ki, ko","く(る), きた(る), き, こ","come, next",datang; berikutnya,来る,くる,kuru,datang,友だちが来ます。,Teman saya datang.,Sesuatu mendekat seperti tanaman/pohon datang ke arahmu.,木,/assets/audio/kanji/n5/039_来.mp3,/assets/stroke-order/kanji/6765.svg,https://jlptsensei.com/jlpt-n5-kanji-list/,https://www.kanshudo.com/collections/jlpt_kanji | https://kanjikana.com/en/kanji/jlpt/n5,Core 80 N5 study list; JLPT does not publish an official exact kanji list after the 2010 revision.
kanji_n5_040,N5,core_80_common_n5,40,気,U+6C17,CJK UNIFIED IDEOGRAPH-6C17,6,"ki, ke","キ, ケ",iki,いき,"spirit, mind, air, mood",semangat; udara; suasana,天気,てんき,tenki,cuaca,今日は天気がいいです。,Cuaca hari ini bagus.,"Udara/energi yang mengalir, vibe-nya kerasa.",气,/assets/audio/kanji/n5/040_気.mp3,/assets/stroke-order/kanji/6c17.svg,https://jlptsensei.com/jlpt-n5-kanji-list/,https://www.kanshudo.com/collections/jlpt_kanji | https://kanjikana.com/en/kanji/jlpt/n5,Core 80 N5 study list; JLPT does not publish an official exact kanji list after the 2010 revision.
kanji_n5_041,N5,core_80_common_n5,41,小,U+5C0F,CJK UNIFIED IDEOGRAPH-5C0F,3,shou,ショウ,"chii(sai), ko-, o-, sa-","ちい(さい), こ-, お-, さ-","small, little",kecil,小さい,ちいさい,chiisai,kecil,小さい犬です。,Ini anjing kecil.,Garis utama dengan titik kecil di sampingnya.,小,/assets/audio/kanji/n5/041_小.mp3,/assets/stroke-order/kanji/5c0f.svg,https://jlptsensei.com/jlpt-n5-kanji-list/,https://www.kanshudo.com/collections/jlpt_kanji | https://kanjikana.com/en/kanji/jlpt/n5,Core 80 N5 study list; JLPT does not publish an official exact kanji list after the 2010 revision.
kanji_n5_042,N5,core_80_common_n5,42,七,U+4E03,CJK UNIFIED IDEOGRAPH-4E03,2,shichi,シチ,"nana(tsu), nano","なな(つ), なの",seven,tujuh,七つ,ななつ,nanatsu,tujuh buah,七つあります。,Ada tujuh buah.,Garis dengan kait; angka tujuh yang nyasar jadi kanji.,一,/assets/audio/kanji/n5/042_七.mp3,/assets/stroke-order/kanji/4e03.svg,https://jlptsensei.com/jlpt-n5-kanji-list/,https://www.kanshudo.com/collections/jlpt_kanji | https://kanjikana.com/en/kanji/jlpt/n5,Core 80 N5 study list; JLPT does not publish an official exact kanji list after the 2010 revision.
kanji_n5_043,N5,core_80_common_n5,43,山,U+5C71,CJK UNIFIED IDEOGRAPH-5C71,3,"san, sen","サン, セン",yama,やま,mountain,gunung,山,やま,yama,gunung,山に登ります。,Saya mendaki gunung.,"Tiga puncak gunung, visualnya to the point.",山,/assets/audio/kanji/n5/043_山.mp3,/assets/stroke-order/kanji/5c71.svg,https://jlptsensei.com/jlpt-n5-kanji-list/,https://www.kanshudo.com/collections/jlpt_kanji | https://kanjikana.com/en/kanji/jlpt/n5,Core 80 N5 study list; JLPT does not publish an official exact kanji list after the 2010 revision.
kanji_n5_044,N5,core_80_common_n5,44,話,U+8A71,CJK UNIFIED IDEOGRAPH-8A71,13,wa,ワ,"hana(su), hanashi","はな(す), はなし","talk, tale, story",bicara; cerita,話す,はなす,hanasu,berbicara,日本語を話します。,Saya berbicara bahasa Jepang.,Kata + lidah: alat utama buat ngobrol.,言,/assets/audio/kanji/n5/044_話.mp3,/assets/stroke-order/kanji/8a71.svg,https://jlptsensei.com/jlpt-n5-kanji-list/,https://www.kanshudo.com/collections/jlpt_kanji | https://kanjikana.com/en/kanji/jlpt/n5,Core 80 N5 study list; JLPT does not publish an official exact kanji list after the 2010 revision.
kanji_n5_045,N5,core_80_common_n5,45,女,U+5973,CJK UNIFIED IDEOGRAPH-5973,3,"jo, nyo","ジョ, ニョ","onna, me","おんな, め","woman, female",perempuan; wanita,女の人,おんなのひと,onna no hito,perempuan/wanita,女の人がいます。,Ada seorang perempuan.,"Sosok perempuan duduk, bentuk kanji klasik.",女,/assets/audio/kanji/n5/045_女.mp3,/assets/stroke-order/kanji/5973.svg,https://jlptsensei.com/jlpt-n5-kanji-list/,https://www.kanshudo.com/collections/jlpt_kanji | https://kanjikana.com/en/kanji/jlpt/n5,Core 80 N5 study list; JLPT does not publish an official exact kanji list after the 2010 revision.
kanji_n5_046,N5,core_80_common_n5,46,北,U+5317,CJK UNIFIED IDEOGRAPH-5317,5,hoku,ホク,kita,きた,north,utara,北,きた,kita,utara,北へ行きます。,Saya pergi ke utara.,Dua orang saling membelakangi; arah dingin: utara.,匕,/assets/audio/kanji/n5/046_北.mp3,/assets/stroke-order/kanji/5317.svg,https://jlptsensei.com/jlpt-n5-kanji-list/,https://www.kanshudo.com/collections/jlpt_kanji | https://kanjikana.com/en/kanji/jlpt/n5,Core 80 N5 study list; JLPT does not publish an official exact kanji list after the 2010 revision.
kanji_n5_047,N5,core_80_common_n5,47,午,U+5348,CJK UNIFIED IDEOGRAPH-5348,4,go,ゴ,uma,うま,"noon, sign of the horse",tengah hari; shio kuda,午後,ごご,gogo,sore/PM,午後に会います。,Mari bertemu sore nanti.,Tengah hari ditandai garis yang tegak.,十,/assets/audio/kanji/n5/047_午.mp3,/assets/stroke-order/kanji/5348.svg,https://jlptsensei.com/jlpt-n5-kanji-list/,https://www.kanshudo.com/collections/jlpt_kanji | https://kanjikana.com/en/kanji/jlpt/n5,Core 80 N5 study list; JLPT does not publish an official exact kanji list after the 2010 revision.
kanji_n5_048,N5,core_80_common_n5,48,百,U+767E,CJK UNIFIED IDEOGRAPH-767E,6,"hyaku, byaku","ヒャク, ビャク",momo,もも,hundred,seratus,百,ひゃく,hyaku,seratus,これは百円です。,Ini seratus yen.,Satu di atas putih; anggap 'seratus' yang terang.,白,/assets/audio/kanji/n5/048_百.mp3,/assets/stroke-order/kanji/767e.svg,https://jlptsensei.com/jlpt-n5-kanji-list/,https://www.kanshudo.com/collections/jlpt_kanji | https://kanjikana.com/en/kanji/jlpt/n5,Core 80 N5 study list; JLPT does not publish an official exact kanji list after the 2010 revision.
kanji_n5_049,N5,core_80_common_n5,49,書,U+66F8,CJK UNIFIED IDEOGRAPH-66F8,10,sho,ショ,ka(ku),か(く),write,menulis,書く,かく,kaku,menulis,名前を書きます。,Saya menulis nama.,Tangan menggores banyak garis jadi tulisan.,曰,/assets/audio/kanji/n5/049_書.mp3,/assets/stroke-order/kanji/66f8.svg,https://jlptsensei.com/jlpt-n5-kanji-list/,https://www.kanshudo.com/collections/jlpt_kanji | https://kanjikana.com/en/kanji/jlpt/n5,Core 80 N5 study list; JLPT does not publish an official exact kanji list after the 2010 revision.
kanji_n5_050,N5,core_80_common_n5,50,先,U+5148,CJK UNIFIED IDEOGRAPH-5148,6,sen,セン,"saki, ma(zu)","さき, ま(ず)","before, ahead, previous, future",sebelum; depan; lebih dulu,先生,せんせい,sensei,guru,先生に聞きます。,Saya bertanya kepada guru.,Orang dengan kaki berada di depan: yang duluan.,儿,/assets/audio/kanji/n5/050_先.mp3,/assets/stroke-order/kanji/5148.svg,https://jlptsensei.com/jlpt-n5-kanji-list/,https://www.kanshudo.com/collections/jlpt_kanji | https://kanjikana.com/en/kanji/jlpt/n5,Core 80 N5 study list; JLPT does not publish an official exact kanji list after the 2010 revision.
kanji_n5_051,N5,core_80_common_n5,51,名,U+540D,CJK UNIFIED IDEOGRAPH-540D,6,"mei, myou","メイ, ミョウ",na,な,"name, reputation",nama; reputasi,名前,なまえ,namae,nama,名前を書いてください。,Tolong tulis nama Anda.,Malam + mulut: nama dipanggil saat gelap.,口,/assets/audio/kanji/n5/051_名.mp3,/assets/stroke-order/kanji/540d.svg,https://jlptsensei.com/jlpt-n5-kanji-list/,https://www.kanshudo.com/collections/jlpt_kanji | https://kanjikana.com/en/kanji/jlpt/n5,Core 80 N5 study list; JLPT does not publish an official exact kanji list after the 2010 revision.
kanji_n5_052,N5,core_80_common_n5,52,川,U+5DDD,CJK UNIFIED IDEOGRAPH-5DDD,3,sen,セン,kawa,かわ,"river, stream",sungai,川,かわ,kawa,sungai,川の水はきれいです。,Air sungai itu bersih.,Tiga aliran air: sungai mengalir.,川,/assets/audio/kanji/n5/052_川.mp3,/assets/stroke-order/kanji/5ddd.svg,https://jlptsensei.com/jlpt-n5-kanji-list/,https://www.kanshudo.com/collections/jlpt_kanji | https://kanjikana.com/en/kanji/jlpt/n5,Core 80 N5 study list; JLPT does not publish an official exact kanji list after the 2010 revision.
kanji_n5_053,N5,core_80_common_n5,53,千,U+5343,CJK UNIFIED IDEOGRAPH-5343,3,sen,セン,chi,ち,thousand,seribu,千円,せんえん,sen'en,seribu yen,千円あります。,Saya punya seribu yen.,Sepuluh dengan garis tambahan jadi seribu.,十,/assets/audio/kanji/n5/053_千.mp3,/assets/stroke-order/kanji/5343.svg,https://jlptsensei.com/jlpt-n5-kanji-list/,https://www.kanshudo.com/collections/jlpt_kanji | https://kanjikana.com/en/kanji/jlpt/n5,Core 80 N5 study list; JLPT does not publish an official exact kanji list after the 2010 revision.
kanji_n5_054,N5,core_80_common_n5,54,水,U+6C34,CJK UNIFIED IDEOGRAPH-6C34,4,sui,スイ,mizu,みず,water,air,水,みず,mizu,air,水を飲みます。,Saya minum air.,Percikan air bercabang ke kiri-kanan.,水,/assets/audio/kanji/n5/054_水.mp3,/assets/stroke-order/kanji/6c34.svg,https://jlptsensei.com/jlpt-n5-kanji-list/,https://www.kanshudo.com/collections/jlpt_kanji | https://kanjikana.com/en/kanji/jlpt/n5,Core 80 N5 study list; JLPT does not publish an official exact kanji list after the 2010 revision.
kanji_n5_055,N5,core_80_common_n5,55,半,U+534A,CJK UNIFIED IDEOGRAPH-534A,5,han,ハン,naka(ba),なか(ば),"half, middle, semi",setengah; tengah,半分,はんぶん,hanbun,setengah,ケーキを半分食べます。,Saya makan setengah kue.,Garis terbelah dua: setengah.,十,/assets/audio/kanji/n5/055_半.mp3,/assets/stroke-order/kanji/534a.svg,https://jlptsensei.com/jlpt-n5-kanji-list/,https://www.kanshudo.com/collections/jlpt_kanji | https://kanjikana.com/en/kanji/jlpt/n5,Core 80 N5 study list; JLPT does not publish an official exact kanji list after the 2010 revision.
kanji_n5_056,N5,core_80_common_n5,56,男,U+7537,CJK UNIFIED IDEOGRAPH-7537,7,"dan, nan","ダン, ナン","otoko, o","おとこ, お","male, man",laki-laki; pria,男の人,おとこのひと,otoko no hito,laki-laki/pria,男の人がいます。,Ada seorang laki-laki.,Ladang + tenaga: pekerja di ladang (mnemonic klasik).,田,/assets/audio/kanji/n5/056_男.mp3,/assets/stroke-order/kanji/7537.svg,https://jlptsensei.com/jlpt-n5-kanji-list/,https://www.kanshudo.com/collections/jlpt_kanji | https://kanjikana.com/en/kanji/jlpt/n5,Core 80 N5 study list; JLPT does not publish an official exact kanji list after the 2010 revision.
kanji_n5_057,N5,core_80_common_n5,57,西,U+897F,CJK UNIFIED IDEOGRAPH-897F,6,"sei, sai","セイ, サイ",nishi,にし,west,barat,西,にし,nishi,barat,西へ行きます。,Saya pergi ke barat.,Burung kembali ke sarang saat matahari ke barat.,襾,/assets/audio/kanji/n5/057_西.mp3,/assets/stroke-order/kanji/897f.svg,https://jlptsensei.com/jlpt-n5-kanji-list/,https://www.kanshudo.com/collections/jlpt_kanji | https://kanjikana.com/en/kanji/jlpt/n5,Core 80 N5 study list; JLPT does not publish an official exact kanji list after the 2010 revision.
kanji_n5_058,N5,core_80_common_n5,58,電,U+96FB,CJK UNIFIED IDEOGRAPH-96FB,13,den,デン,,,"electricity, electric powered",listrik,電車,でんしゃ,densha,kereta listrik,電車に乗ります。,Saya naik kereta.,Hujan + kilat/listrik: tenaga dari langit.,雨,/assets/audio/kanji/n5/058_電.mp3,/assets/stroke-order/kanji/96fb.svg,https://jlptsensei.com/jlpt-n5-kanji-list/,https://www.kanshudo.com/collections/jlpt_kanji | https://kanjikana.com/en/kanji/jlpt/n5,Core 80 N5 study list; JLPT does not publish an official exact kanji list after the 2010 revision.
kanji_n5_059,N5,core_80_common_n5,59,校,U+6821,CJK UNIFIED IDEOGRAPH-6821,10,kou,コウ,,,"school, exam",sekolah,学校,がっこう,gakkou,sekolah,学校は近いです。,Sekolahnya dekat.,Pohon + pertukaran; bayangkan halaman sekolah.,木,/assets/audio/kanji/n5/059_校.mp3,/assets/stroke-order/kanji/6821.svg,https://jlptsensei.com/jlpt-n5-kanji-list/,https://www.kanshudo.com/collections/jlpt_kanji | https://kanjikana.com/en/kanji/jlpt/n5,Core 80 N5 study list; JLPT does not publish an official exact kanji list after the 2010 revision.
kanji_n5_060,N5,core_80_common_n5,60,語,U+8A9E,CJK UNIFIED IDEOGRAPH-8A9E,14,go,ゴ,kata(ru),かた(る),"word, speech, language",bahasa; kata; ucapan,日本語,にほんご,nihongo,bahasa Jepang,日本語を勉強します。,Saya belajar bahasa Jepang.,Kata + mulut: bahasa keluar dari mulut.,言,/assets/audio/kanji/n5/060_語.mp3,/assets/stroke-order/kanji/8a9e.svg,https://jlptsensei.com/jlpt-n5-kanji-list/,https://www.kanshudo.com/collections/jlpt_kanji | https://kanjikana.com/en/kanji/jlpt/n5,Core 80 N5 study list; JLPT does not publish an official exact kanji list after the 2010 revision.
kanji_n5_061,N5,core_80_common_n5,61,土,U+571F,CJK UNIFIED IDEOGRAPH-571F,3,"do, to","ド, ト",tsuchi,つち,"soil, earth, ground",tanah; bumi,土曜日,どようび,doyoubi,Sabtu,土曜日に休みます。,Saya libur hari Sabtu.,Salib berdiri di atas tanah.,土,/assets/audio/kanji/n5/061_土.mp3,/assets/stroke-order/kanji/571f.svg,https://jlptsensei.com/jlpt-n5-kanji-list/,https://www.kanshudo.com/collections/jlpt_kanji | https://kanjikana.com/en/kanji/jlpt/n5,Core 80 N5 study list; JLPT does not publish an official exact kanji list after the 2010 revision.
kanji_n5_062,N5,core_80_common_n5,62,木,U+6728,CJK UNIFIED IDEOGRAPH-6728,4,"boku, moku","ボク, モク","ki, ko","き, こ","tree, wood",pohon; kayu,木,き,ki,pohon,木の下で休みます。,Saya beristirahat di bawah pohon.,Kanji pohon yang paling pohon banget.,木,/assets/audio/kanji/n5/062_木.mp3,/assets/stroke-order/kanji/6728.svg,https://jlptsensei.com/jlpt-n5-kanji-list/,https://www.kanshudo.com/collections/jlpt_kanji | https://kanjikana.com/en/kanji/jlpt/n5,Core 80 N5 study list; JLPT does not publish an official exact kanji list after the 2010 revision.
kanji_n5_063,N5,core_80_common_n5,63,聞,U+805E,CJK UNIFIED IDEOGRAPH-805E,14,"bun, mon","ブン, モン",ki(ku),き(く),"hear, listen, ask",mendengar; mendengarkan; bertanya,聞く,きく,kiku,mendengar/bertanya,音楽を聞きます。,Saya mendengarkan musik.,Telinga di dalam pintu: mendengar dari balik pintu.,耳,/assets/audio/kanji/n5/063_聞.mp3,/assets/stroke-order/kanji/805e.svg,https://jlptsensei.com/jlpt-n5-kanji-list/,https://www.kanshudo.com/collections/jlpt_kanji | https://kanjikana.com/en/kanji/jlpt/n5,Core 80 N5 study list; JLPT does not publish an official exact kanji list after the 2010 revision.
kanji_n5_064,N5,core_80_common_n5,64,食,U+98DF,CJK UNIFIED IDEOGRAPH-98DF,9,"shoku, jiki","ショク, ジキ","k(u), ta(beru), ha(mu)","く(う), た(べる), は(む)","eat, food",makan; makanan,食べる,たべる,taberu,makan,パンを食べます。,Saya makan roti.,Bentuk seperti tutup/mangkuk makanan.,食,/assets/audio/kanji/n5/064_食.mp3,/assets/stroke-order/kanji/98df.svg,https://jlptsensei.com/jlpt-n5-kanji-list/,https://www.kanshudo.com/collections/jlpt_kanji | https://kanjikana.com/en/kanji/jlpt/n5,Core 80 N5 study list; JLPT does not publish an official exact kanji list after the 2010 revision.
kanji_n5_065,N5,core_80_common_n5,65,車,U+8ECA,CJK UNIFIED IDEOGRAPH-8ECA,7,sha,シャ,kuruma,くるま,"car, wheel",mobil; kendaraan; roda,車,くるま,kuruma,mobil,車で行きます。,Saya pergi dengan mobil.,Roda/kereta dilihat dari atas.,車,/assets/audio/kanji/n5/065_車.mp3,/assets/stroke-order/kanji/8eca.svg,https://jlptsensei.com/jlpt-n5-kanji-list/,https://www.kanshudo.com/collections/jlpt_kanji | https://kanjikana.com/en/kanji/jlpt/n5,Core 80 N5 study list; JLPT does not publish an official exact kanji list after the 2010 revision.
kanji_n5_066,N5,core_80_common_n5,66,何,U+4F55,CJK UNIFIED IDEOGRAPH-4F55,7,ka,カ,"nani, nan","なに, なん",what,apa,何,なに,nani,apa,これは何ですか。,Ini apa?,Orang + bisa: orang bertanya 'apa ini bisa?',亻,/assets/audio/kanji/n5/066_何.mp3,/assets/stroke-order/kanji/4f55.svg,https://jlptsensei.com/jlpt-n5-kanji-list/,https://www.kanshudo.com/collections/jlpt_kanji | https://kanjikana.com/en/kanji/jlpt/n5,Core 80 N5 study list; JLPT does not publish an official exact kanji list after the 2010 revision.
kanji_n5_067,N5,core_80_common_n5,67,南,U+5357,CJK UNIFIED IDEOGRAPH-5357,9,"nan, na","ナン, ナ",minami,みなみ,south,selatan,南,みなみ,minami,selatan,南へ行きます。,Saya pergi ke selatan.,Arah selatan; bayangkan kompas dengan ornamen di bawah.,十,/assets/audio/kanji/n5/067_南.mp3,/assets/stroke-order/kanji/5357.svg,https://jlptsensei.com/jlpt-n5-kanji-list/,https://www.kanshudo.com/collections/jlpt_kanji | https://kanjikana.com/en/kanji/jlpt/n5,Core 80 N5 study list; JLPT does not publish an official exact kanji list after the 2010 revision.
kanji_n5_068,N5,core_80_common_n5,68,万,U+4E07,CJK UNIFIED IDEOGRAPH-4E07,3,"man, ban","マン, バン",,,ten thousand,sepuluh ribu,一万,いちまん,ichiman,sepuluh ribu,一万円あります。,Saya punya sepuluh ribu yen.,Bentuk kecil tapi nilainya gede: sepuluh ribu.,一,/assets/audio/kanji/n5/068_万.mp3,/assets/stroke-order/kanji/4e07.svg,https://jlptsensei.com/jlpt-n5-kanji-list/,https://www.kanshudo.com/collections/jlpt_kanji | https://kanjikana.com/en/kanji/jlpt/n5,Core 80 N5 study list; JLPT does not publish an official exact kanji list after the 2010 revision.
kanji_n5_069,N5,core_80_common_n5,69,毎,U+6BCE,CJK UNIFIED IDEOGRAPH-6BCE,6,mai,マイ,goto(ni),ごと(に),every,setiap,毎日,まいにち,mainichi,setiap hari,毎日勉強します。,Saya belajar setiap hari.,Setiap hari diulang seperti rutinitas ibu/rumah.,毋,/assets/audio/kanji/n5/069_毎.mp3,/assets/stroke-order/kanji/6bce.svg,https://jlptsensei.com/jlpt-n5-kanji-list/,https://www.kanshudo.com/collections/jlpt_kanji | https://kanjikana.com/en/kanji/jlpt/n5,Core 80 N5 study list; JLPT does not publish an official exact kanji list after the 2010 revision.
kanji_n5_070,N5,core_80_common_n5,70,白,U+767D,CJK UNIFIED IDEOGRAPH-767D,5,"haku, byaku","ハク, ビャク","shiro(i), shiro","しろ(い), しろ",white,putih,白い,しろい,shiroi,putih,白い紙です。,Ini kertas putih.,Matahari terang sampai tampak putih.,白,/assets/audio/kanji/n5/070_白.mp3,/assets/stroke-order/kanji/767d.svg,https://jlptsensei.com/jlpt-n5-kanji-list/,https://www.kanshudo.com/collections/jlpt_kanji | https://kanjikana.com/en/kanji/jlpt/n5,Core 80 N5 study list; JLPT does not publish an official exact kanji list after the 2010 revision.
kanji_n5_071,N5,core_80_common_n5,71,天,U+5929,CJK UNIFIED IDEOGRAPH-5929,4,ten,テン,"amatsu, ame, ama","あまつ, あめ, あま","heaven, sky",langit; surga,天気,てんき,tenki,cuaca,天気がいいです。,Cuacanya bagus.,Garis langit berada di atas orang besar.,大,/assets/audio/kanji/n5/071_天.mp3,/assets/stroke-order/kanji/5929.svg,https://jlptsensei.com/jlpt-n5-kanji-list/,https://www.kanshudo.com/collections/jlpt_kanji | https://kanjikana.com/en/kanji/jlpt/n5,Core 80 N5 study list; JLPT does not publish an official exact kanji list after the 2010 revision.
kanji_n5_072,N5,core_80_common_n5,72,母,U+6BCD,CJK UNIFIED IDEOGRAPH-6BCD,5,bo,ボ,"haha, kaa","はは, かあ",mother,ibu,母,はは,haha,ibu saya,母は先生です。,Ibu saya guru.,Bentuk ibu dengan dua titik seperti perhatian ekstra.,毋,/assets/audio/kanji/n5/072_母.mp3,/assets/stroke-order/kanji/6bcd.svg,https://jlptsensei.com/jlpt-n5-kanji-list/,https://www.kanshudo.com/collections/jlpt_kanji | https://kanjikana.com/en/kanji/jlpt/n5,Core 80 N5 study list; JLPT does not publish an official exact kanji list after the 2010 revision.
kanji_n5_073,N5,core_80_common_n5,73,火,U+706B,CJK UNIFIED IDEOGRAPH-706B,4,ka,カ,"hi, bi, ho","ひ, -び, ほ-",fire,api,火曜日,かようび,kayoubi,Selasa,火曜日に行きます。,Saya pergi hari Selasa.,Api menyala dengan percikan kiri-kanan.,火,/assets/audio/kanji/n5/073_火.mp3,/assets/stroke-order/kanji/706b.svg,https://jlptsensei.com/jlpt-n5-kanji-list/,https://www.kanshudo.com/collections/jlpt_kanji | https://kanjikana.com/en/kanji/jlpt/n5,Core 80 N5 study list; JLPT does not publish an official exact kanji list after the 2010 revision.
kanji_n5_074,N5,core_80_common_n5,74,右,U+53F3,CJK UNIFIED IDEOGRAPH-53F3,5,"u, yuu","ウ, ユウ",migi,みぎ,right (direction),kanan,右,みぎ,migi,kanan,右に曲がってください。,Tolong belok kanan.,Tangan kanan dekat mulut—mnemonic arah kanan.,口,/assets/audio/kanji/n5/074_右.mp3,/assets/stroke-order/kanji/53f3.svg,https://jlptsensei.com/jlpt-n5-kanji-list/,https://www.kanshudo.com/collections/jlpt_kanji | https://kanjikana.com/en/kanji/jlpt/n5,Core 80 N5 study list; JLPT does not publish an official exact kanji list after the 2010 revision.
kanji_n5_075,N5,core_80_common_n5,75,読,U+8AAD,CJK UNIFIED IDEOGRAPH-8AAD,14,"doku, toku, tou","ドク, トク, トウ",yo(mu),よ(む),read,membaca,読む,よむ,yomu,membaca,本を読みます。,Saya membaca buku.,Kata-kata yang diproses: membaca.,言,/assets/audio/kanji/n5/075_読.mp3,/assets/stroke-order/kanji/8aad.svg,https://jlptsensei.com/jlpt-n5-kanji-list/,https://www.kanshudo.com/collections/jlpt_kanji | https://kanjikana.com/en/kanji/jlpt/n5,Core 80 N5 study list; JLPT does not publish an official exact kanji list after the 2010 revision.
kanji_n5_076,N5,core_80_common_n5,76,友,U+53CB,CJK UNIFIED IDEOGRAPH-53CB,4,yuu,ユウ,tomo,とも,friend,teman,友だち,ともだち,tomodachi,teman,友だちと話します。,Saya berbicara dengan teman.,Dua tangan saling mendekat: teman.,又,/assets/audio/kanji/n5/076_友.mp3,/assets/stroke-order/kanji/53cb.svg,https://jlptsensei.com/jlpt-n5-kanji-list/,https://www.kanshudo.com/collections/jlpt_kanji | https://kanjikana.com/en/kanji/jlpt/n5,Core 80 N5 study list; JLPT does not publish an official exact kanji list after the 2010 revision.
kanji_n5_077,N5,core_80_common_n5,77,左,U+5DE6,CJK UNIFIED IDEOGRAPH-5DE6,5,"sa, sha","サ, シャ",hidari,ひだり,left (direction),kiri,左,ひだり,hidari,kiri,左に曲がってください。,Tolong belok kiri.,Tangan kiri memegang alat kerja.,工,/assets/audio/kanji/n5/077_左.mp3,/assets/stroke-order/kanji/5de6.svg,https://jlptsensei.com/jlpt-n5-kanji-list/,https://www.kanshudo.com/collections/jlpt_kanji | https://kanjikana.com/en/kanji/jlpt/n5,Core 80 N5 study list; JLPT does not publish an official exact kanji list after the 2010 revision.
kanji_n5_078,N5,core_80_common_n5,78,休,U+4F11,CJK UNIFIED IDEOGRAPH-4F11,6,kyuu,キュウ,"yasu(mu), yasu(mi)","やす(む), やす(み)","rest, day off",istirahat; libur,休む,やすむ,yasumu,beristirahat,今日は休みます。,Hari ini saya beristirahat/libur.,Orang bersandar di pohon: istirahat.,亻,/assets/audio/kanji/n5/078_休.mp3,/assets/stroke-order/kanji/4f11.svg,https://jlptsensei.com/jlpt-n5-kanji-list/,https://www.kanshudo.com/collections/jlpt_kanji | https://kanjikana.com/en/kanji/jlpt/n5,Core 80 N5 study list; JLPT does not publish an official exact kanji list after the 2010 revision.
kanji_n5_079,N5,core_80_common_n5,79,父,U+7236,CJK UNIFIED IDEOGRAPH-7236,4,fu,フ,"chichi, tou","ちち, とう",father,ayah,父,ちち,chichi,ayah saya,父は会社員です。,Ayah saya pegawai perusahaan.,Sosok ayah dengan tanda silang/tangan terbuka.,父,/assets/audio/kanji/n5/079_父.mp3,/assets/stroke-order/kanji/7236.svg,https://jlptsensei.com/jlpt-n5-kanji-list/,https://www.kanshudo.com/collections/jlpt_kanji | https://kanjikana.com/en/kanji/jlpt/n5,Core 80 N5 study list; JLPT does not publish an official exact kanji list after the 2010 revision.
kanji_n5_080,N5,core_80_common_n5,80,雨,U+96E8,CJK UNIFIED IDEOGRAPH-96E8,8,u,ウ,"ame, ama","あめ, あま",rain,hujan,雨,あめ,ame,hujan,雨が降っています。,Hujan sedang turun.,Awan dengan tetesan-tetesan hujan.,雨,/assets/audio/kanji/n5/080_雨.mp3,/assets/stroke-order/kanji/96e8.svg,https://jlptsensei.com/jlpt-n5-kanji-list/,https://www.kanshudo.com/collections/jlpt_kanji | https://kanjikana.com/en/kanji/jlpt/n5,Core 80 N5 study list; JLPT does not publish an official exact kanji list after the 2010 revision.
kanji_n5_081,N5,extended_103_old_n5_candidate,81,安,U+5B89,CJK UNIFIED IDEOGRAPH-5B89,6,an,アン,yasu(i),やす(い),"peace, cheap, safety",aman; murah; tenang,安い,やすい,yasui,murah,この店は安いです。,Toko ini murah.,Perempuan di bawah atap: rumah aman dan tenang.,宀,/assets/audio/kanji/n5/081_安.mp3,/assets/stroke-order/kanji/5b89.svg,https://nihongoichiban.com/2011/04/10/complete-list-of-kanji-for-jlpt-n5/,https://jlpt.jp/sp/e/faq/ | https://kanjikana.com/en/kanji/jlpt,Extended candidate from older 103-kanji N5 lists; not part of the common core 80 list. JLPT does not publish an official exact kanji list after the 2010 revision.
kanji_n5_082,N5,extended_103_old_n5_candidate,82,飲,U+98F2,CJK UNIFIED IDEOGRAPH-98F2,12,in,イン,no(mu),の(む),drink,minum,飲む,のむ,nomu,minum,水を飲みます。,Saya minum air.,Makanan/minuman masuk lalu tubuh 'menghela' puas.,食,/assets/audio/kanji/n5/082_飲.mp3,/assets/stroke-order/kanji/98f2.svg,https://nihongoichiban.com/2011/04/10/complete-list-of-kanji-for-jlpt-n5/,https://jlpt.jp/sp/e/faq/ | https://kanjikana.com/en/kanji/jlpt,Extended candidate from older 103-kanji N5 lists; not part of the common core 80 list. JLPT does not publish an official exact kanji list after the 2010 revision.
kanji_n5_083,N5,extended_103_old_n5_candidate,83,駅,U+99C5,CJK UNIFIED IDEOGRAPH-99C5,14,eki,エキ,,,station,stasiun,駅,えき,eki,stasiun,駅で会います。,Mari bertemu di stasiun.,Kuda/kendaraan berhenti di titik transit: stasiun.,馬,/assets/audio/kanji/n5/083_駅.mp3,/assets/stroke-order/kanji/99c5.svg,https://nihongoichiban.com/2011/04/10/complete-list-of-kanji-for-jlpt-n5/,https://jlpt.jp/sp/e/faq/ | https://kanjikana.com/en/kanji/jlpt,Extended candidate from older 103-kanji N5 lists; not part of the common core 80 list. JLPT does not publish an official exact kanji list after the 2010 revision.
kanji_n5_084,N5,extended_103_old_n5_candidate,84,花,U+82B1,CJK UNIFIED IDEOGRAPH-82B1,7,ka,カ,hana,はな,"flower, blossom",bunga,花,はな,hana,bunga,花がきれいです。,Bunganya indah.,Rumput/艹 di atas bentuk berubah jadi bunga.,艹,/assets/audio/kanji/n5/084_花.mp3,/assets/stroke-order/kanji/82b1.svg,https://nihongoichiban.com/2011/04/10/complete-list-of-kanji-for-jlpt-n5/,https://jlpt.jp/sp/e/faq/ | https://kanjikana.com/en/kanji/jlpt,Extended candidate from older 103-kanji N5 lists; not part of the common core 80 list. JLPT does not publish an official exact kanji list after the 2010 revision.
kanji_n5_085,N5,extended_103_old_n5_candidate,85,会,U+4F1A,CJK UNIFIED IDEOGRAPH-4F1A,6,"kai, e","カイ, エ",a(u),あ(う),"meet, society",bertemu; perkumpulan,会う,あう,au,bertemu,友だちに会います。,Saya bertemu teman.,Orang berkumpul di bawah satu atap: pertemuan.,人,/assets/audio/kanji/n5/085_会.mp3,/assets/stroke-order/kanji/4f1a.svg,https://nihongoichiban.com/2011/04/10/complete-list-of-kanji-for-jlpt-n5/,https://jlpt.jp/sp/e/faq/ | https://kanjikana.com/en/kanji/jlpt,Extended candidate from older 103-kanji N5 lists; not part of the common core 80 list. JLPT does not publish an official exact kanji list after the 2010 revision.
kanji_n5_086,N5,extended_103_old_n5_candidate,86,魚,U+9B5A,CJK UNIFIED IDEOGRAPH-9B5A,11,gyo,ギョ,"sakana, uo","さかな, うお",fish,ikan,魚,さかな,sakana,ikan,魚を食べます。,Saya makan ikan.,"Bentuk ikan lengkap dengan ekor dan sisik, lumayan niat.",魚,/assets/audio/kanji/n5/086_魚.mp3,/assets/stroke-order/kanji/9b5a.svg,https://nihongoichiban.com/2011/04/10/complete-list-of-kanji-for-jlpt-n5/,https://jlpt.jp/sp/e/faq/ | https://kanjikana.com/en/kanji/jlpt,Extended candidate from older 103-kanji N5 lists; not part of the common core 80 list. JLPT does not publish an official exact kanji list after the 2010 revision.
kanji_n5_087,N5,extended_103_old_n5_candidate,87,空,U+7A7A,CJK UNIFIED IDEOGRAPH-7A7A,8,kuu,クウ,"sora, a(keru), kara","そら, あ(ける), から","sky, empty",langit; kosong,空,そら,sora,langit,空が青いです。,Langitnya biru.,Lubang/ruang di atas: langit luas dan kosong.,穴,/assets/audio/kanji/n5/087_空.mp3,/assets/stroke-order/kanji/7a7a.svg,https://nihongoichiban.com/2011/04/10/complete-list-of-kanji-for-jlpt-n5/,https://jlpt.jp/sp/e/faq/ | https://kanjikana.com/en/kanji/jlpt,Extended candidate from older 103-kanji N5 lists; not part of the common core 80 list. JLPT does not publish an official exact kanji list after the 2010 revision.
kanji_n5_088,N5,extended_103_old_n5_candidate,88,言,U+8A00,CJK UNIFIED IDEOGRAPH-8A00,7,"gen, gon","ゲン, ゴン",i(u),い(う),"word, say",kata; mengatakan,言う,いう,iu,mengatakan,日本語で言います。,Saya mengatakannya dalam bahasa Jepang.,Garis-garis keluar dari mulut: kata-kata.,言,/assets/audio/kanji/n5/088_言.mp3,/assets/stroke-order/kanji/8a00.svg,https://nihongoichiban.com/2011/04/10/complete-list-of-kanji-for-jlpt-n5/,https://jlpt.jp/sp/e/faq/ | https://kanjikana.com/en/kanji/jlpt,Extended candidate from older 103-kanji N5 lists; not part of the common core 80 list. JLPT does not publish an official exact kanji list after the 2010 revision.
kanji_n5_089,N5,extended_103_old_n5_candidate,89,古,U+53E4,CJK UNIFIED IDEOGRAPH-53E4,5,ko,コ,furu(i),ふる(い),"old, ancient",lama; tua,古い,ふるい,furui,lama/tua,古い本です。,Ini buku lama.,Salib tua di atas mulut/cerita lama.,口,/assets/audio/kanji/n5/089_古.mp3,/assets/stroke-order/kanji/53e4.svg,https://nihongoichiban.com/2011/04/10/complete-list-of-kanji-for-jlpt-n5/,https://jlpt.jp/sp/e/faq/ | https://kanjikana.com/en/kanji/jlpt,Extended candidate from older 103-kanji N5 lists; not part of the common core 80 list. JLPT does not publish an official exact kanji list after the 2010 revision.
kanji_n5_090,N5,extended_103_old_n5_candidate,90,口,U+53E3,CJK UNIFIED IDEOGRAPH-53E3,3,"kou, ku","コウ, ク",kuchi,くち,mouth,mulut,口,くち,kuchi,mulut,口を開けます。,Saya membuka mulut.,Kotak sederhana: mulut terbuka.,口,/assets/audio/kanji/n5/090_口.mp3,/assets/stroke-order/kanji/53e3.svg,https://nihongoichiban.com/2011/04/10/complete-list-of-kanji-for-jlpt-n5/,https://jlpt.jp/sp/e/faq/ | https://kanjikana.com/en/kanji/jlpt,Extended candidate from older 103-kanji N5 lists; not part of the common core 80 list. JLPT does not publish an official exact kanji list after the 2010 revision.
kanji_n5_091,N5,extended_103_old_n5_candidate,91,耳,U+8033,CJK UNIFIED IDEOGRAPH-8033,6,ji,ジ,mimi,みみ,ear,telinga,耳,みみ,mimi,telinga,耳が痛いです。,Telinga saya sakit.,Bentuk telinga yang disederhanakan.,耳,/assets/audio/kanji/n5/091_耳.mp3,/assets/stroke-order/kanji/8033.svg,https://nihongoichiban.com/2011/04/10/complete-list-of-kanji-for-jlpt-n5/,https://jlpt.jp/sp/e/faq/ | https://kanjikana.com/en/kanji/jlpt,Extended candidate from older 103-kanji N5 lists; not part of the common core 80 list. JLPT does not publish an official exact kanji list after the 2010 revision.
kanji_n5_092,N5,extended_103_old_n5_candidate,92,社,U+793E,CJK UNIFIED IDEOGRAPH-793E,7,sha,シャ,yashiro,やしろ,"company, shrine, society",perusahaan; masyarakat; kuil Shinto,会社,かいしゃ,kaisha,perusahaan,父は会社員です。,Ayah saya pegawai perusahaan.,Altar/礻 + tanah: tempat berkumpul masyarakat.,礻,/assets/audio/kanji/n5/092_社.mp3,/assets/stroke-order/kanji/793e.svg,https://nihongoichiban.com/2011/04/10/complete-list-of-kanji-for-jlpt-n5/,https://jlpt.jp/sp/e/faq/ | https://kanjikana.com/en/kanji/jlpt,Extended candidate from older 103-kanji N5 lists; not part of the common core 80 list. JLPT does not publish an official exact kanji list after the 2010 revision.
kanji_n5_093,N5,extended_103_old_n5_candidate,93,手,U+624B,CJK UNIFIED IDEOGRAPH-624B,4,shu,シュ,te,て,hand,tangan,手,て,te,tangan,手を洗います。,Saya mencuci tangan.,Garis-garis seperti jari dan telapak tangan.,手,/assets/audio/kanji/n5/093_手.mp3,/assets/stroke-order/kanji/624b.svg,https://nihongoichiban.com/2011/04/10/complete-list-of-kanji-for-jlpt-n5/,https://jlpt.jp/sp/e/faq/ | https://kanjikana.com/en/kanji/jlpt,Extended candidate from older 103-kanji N5 lists; not part of the common core 80 list. JLPT does not publish an official exact kanji list after the 2010 revision.
kanji_n5_094,N5,extended_103_old_n5_candidate,94,週,U+9031,CJK UNIFIED IDEOGRAPH-9031,11,shuu,シュウ,,,week,minggu/pekan,週末,しゅうまつ,shuumatsu,akhir pekan,週末に休みます。,Saya libur akhir pekan.,Jalan memutari satu siklus: satu minggu.,辶,/assets/audio/kanji/n5/094_週.mp3,/assets/stroke-order/kanji/9031.svg,https://nihongoichiban.com/2011/04/10/complete-list-of-kanji-for-jlpt-n5/,https://jlpt.jp/sp/e/faq/ | https://kanjikana.com/en/kanji/jlpt,Extended candidate from older 103-kanji N5 lists; not part of the common core 80 list. JLPT does not publish an official exact kanji list after the 2010 revision.
kanji_n5_095,N5,extended_103_old_n5_candidate,95,少,U+5C11,CJK UNIFIED IDEOGRAPH-5C11,4,shou,ショウ,"suko(shi), suku(nai)","すこ(し), すく(ない)","few, little",sedikit,少し,すこし,sukoshi,sedikit,少し待ってください。,Tolong tunggu sebentar.,Kecil + satu titik: jumlahnya sedikit.,小,/assets/audio/kanji/n5/095_少.mp3,/assets/stroke-order/kanji/5c11.svg,https://nihongoichiban.com/2011/04/10/complete-list-of-kanji-for-jlpt-n5/,https://jlpt.jp/sp/e/faq/ | https://kanjikana.com/en/kanji/jlpt,Extended candidate from older 103-kanji N5 lists; not part of the common core 80 list. JLPT does not publish an official exact kanji list after the 2010 revision.
kanji_n5_096,N5,extended_103_old_n5_candidate,96,新,U+65B0,CJK UNIFIED IDEOGRAPH-65B0,13,shin,シン,"atara(shii), ara(ta), nii-","あたら(しい), あら(た), にい-",new,baru,新しい,あたらしい,atarashii,baru,新しい車です。,Ini mobil baru.,Kapak memotong kayu jadi sesuatu yang baru.,斤,/assets/audio/kanji/n5/096_新.mp3,/assets/stroke-order/kanji/65b0.svg,https://nihongoichiban.com/2011/04/10/complete-list-of-kanji-for-jlpt-n5/,https://jlpt.jp/sp/e/faq/ | https://kanjikana.com/en/kanji/jlpt,Extended candidate from older 103-kanji N5 lists; not part of the common core 80 list. JLPT does not publish an official exact kanji list after the 2010 revision.
kanji_n5_097,N5,extended_103_old_n5_candidate,97,足,U+8DB3,CJK UNIFIED IDEOGRAPH-8DB3,7,soku,ソク,"ashi, ta(riru), ta(su)","あし, た(りる), た(す)","foot, leg, sufficient",kaki; cukup,足,あし,ashi,kaki,足が痛いです。,Kaki saya sakit.,Mulut/badan di atas kaki: bagian untuk berdiri.,足,/assets/audio/kanji/n5/097_足.mp3,/assets/stroke-order/kanji/8db3.svg,https://nihongoichiban.com/2011/04/10/complete-list-of-kanji-for-jlpt-n5/,https://jlpt.jp/sp/e/faq/ | https://kanjikana.com/en/kanji/jlpt,Extended candidate from older 103-kanji N5 lists; not part of the common core 80 list. JLPT does not publish an official exact kanji list after the 2010 revision.
kanji_n5_098,N5,extended_103_old_n5_candidate,98,多,U+591A,CJK UNIFIED IDEOGRAPH-591A,6,ta,タ,oo(i),おお(い),"many, much",banyak,多い,おおい,ooi,banyak,人が多いです。,Orangnya banyak.,Dua夕 bertumpuk: jumlahnya banyak.,夕,/assets/audio/kanji/n5/098_多.mp3,/assets/stroke-order/kanji/591a.svg,https://nihongoichiban.com/2011/04/10/complete-list-of-kanji-for-jlpt-n5/,https://jlpt.jp/sp/e/faq/ | https://kanjikana.com/en/kanji/jlpt,Extended candidate from older 103-kanji N5 lists; not part of the common core 80 list. JLPT does not publish an official exact kanji list after the 2010 revision.
kanji_n5_099,N5,extended_103_old_n5_candidate,99,店,U+5E97,CJK UNIFIED IDEOGRAPH-5E97,8,ten,テン,mise,みせ,"shop, store",toko,店,みせ,mise,toko,あの店は安いです。,Toko itu murah.,Bangunan dengan tanda di dalam: toko.,广,/assets/audio/kanji/n5/099_店.mp3,/assets/stroke-order/kanji/5e97.svg,https://nihongoichiban.com/2011/04/10/complete-list-of-kanji-for-jlpt-n5/,https://jlpt.jp/sp/e/faq/ | https://kanjikana.com/en/kanji/jlpt,Extended candidate from older 103-kanji N5 lists; not part of the common core 80 list. JLPT does not publish an official exact kanji list after the 2010 revision.
kanji_n5_100,N5,extended_103_old_n5_candidate,100,道,U+9053,CJK UNIFIED IDEOGRAPH-9053,12,dou,ドウ,michi,みち,"road, way, path",jalan; cara,道,みち,michi,jalan,この道は長いです。,Jalan ini panjang.,Kepala berjalan di jalur: jalan/cara.,辶,/assets/audio/kanji/n5/100_道.mp3,/assets/stroke-order/kanji/9053.svg,https://nihongoichiban.com/2011/04/10/complete-list-of-kanji-for-jlpt-n5/,https://jlpt.jp/sp/e/faq/ | https://kanjikana.com/en/kanji/jlpt,Extended candidate from older 103-kanji N5 lists; not part of the common core 80 list. JLPT does not publish an official exact kanji list after the 2010 revision.
kanji_n5_101,N5,extended_103_old_n5_candidate,101,買,U+8CB7,CJK UNIFIED IDEOGRAPH-8CB7,12,bai,バイ,ka(u),か(う),buy,membeli,買う,かう,kau,membeli,本を買います。,Saya membeli buku.,Jaring + kerang/uang: transaksi beli.,貝,/assets/audio/kanji/n5/101_買.mp3,/assets/stroke-order/kanji/8cb7.svg,https://nihongoichiban.com/2011/04/10/complete-list-of-kanji-for-jlpt-n5/,https://jlpt.jp/sp/e/faq/ | https://kanjikana.com/en/kanji/jlpt,Extended candidate from older 103-kanji N5 lists; not part of the common core 80 list. JLPT does not publish an official exact kanji list after the 2010 revision.
kanji_n5_102,N5,extended_103_old_n5_candidate,102,目,U+76EE,CJK UNIFIED IDEOGRAPH-76EE,5,moku,モク,me,め,eye,mata,目,め,me,mata,目が大きいです。,Matanya besar.,Bentuk mata yang diputar/ditumpuk garis.,目,/assets/audio/kanji/n5/102_目.mp3,/assets/stroke-order/kanji/76ee.svg,https://nihongoichiban.com/2011/04/10/complete-list-of-kanji-for-jlpt-n5/,https://jlpt.jp/sp/e/faq/ | https://kanjikana.com/en/kanji/jlpt,Extended candidate from older 103-kanji N5 lists; not part of the common core 80 list. JLPT does not publish an official exact kanji list after the 2010 revision.
kanji_n5_103,N5,extended_103_old_n5_candidate,103,立,U+7ACB,CJK UNIFIED IDEOGRAPH-7ACB,5,ritsu,リツ,"ta(tsu), ta(teru)","た(つ), た(てる)","stand, establish",berdiri; mendirikan,立つ,たつ,tatsu,berdiri,ここに立ってください。,Tolong berdiri di sini.,Orang berdiri tegak di atas tanah.,立,/assets/audio/kanji/n5/103_立.mp3,/assets/stroke-order/kanji/7acb.svg,https://nihongoichiban.com/2011/04/10/complete-list-of-kanji-for-jlpt-n5/,https://jlpt.jp/sp/e/faq/ | https://kanjikana.com/en/kanji/jlpt,Extended candidate from older 103-kanji N5 lists; not part of the common core 80 list. JLPT does not publish an official exact kanji list after the 2010 revision.
